no,filename,cwe,functional_variant,flow_variant,runtime_testable,repository_path
1,CWE121_Stack_Based_Buffer_Overflow__CWE129_fscanf_34.c,CWE-121,CWE129_fscanf,34,Y,Juliet C C++ 100 Selected Cases/CWE121_Stack_Based_Buffer_Overflow/CWE121_Stack_Based_Buffer_Overflow__CWE129_fscanf_34.c
2,CWE121_Stack_Based_Buffer_Overflow__CWE129_listen_socket_33.cpp,CWE-121,CWE129_listen_socket,33,Y,Juliet C C++ 100 Selected Cases/CWE121_Stack_Based_Buffer_Overflow/CWE121_Stack_Based_Buffer_Overflow__CWE129_listen_socket_33.cpp
3,CWE121_Stack_Based_Buffer_Overflow__CWE131_memmove_02.c,CWE-121,CWE131_memmove,2,Y,Juliet C C++ 100 Selected Cases/CWE121_Stack_Based_Buffer_Overflow/CWE121_Stack_Based_Buffer_Overflow__CWE131_memmove_02.c
4,CWE121_Stack_Based_Buffer_Overflow__CWE193_wchar_t_alloca_ncpy_12.c,CWE-121,CWE193_wchar_t_alloca_ncpy,12,Y,Juliet C C++ 100 Selected Cases/CWE121_Stack_Based_Buffer_Overflow/CWE121_Stack_Based_Buffer_Overflow__CWE193_wchar_t_alloca_ncpy_12.c
5,CWE121_Stack_Based_Buffer_Overflow__CWE193_wchar_t_declare_loop_18.c,CWE-121,CWE193_wchar_t_declare_loop,18,Y,Juliet C C++ 100 Selected Cases/CWE121_Stack_Based_Buffer_Overflow/CWE121_Stack_Based_Buffer_Overflow__CWE193_wchar_t_declare_loop_18.c
6,CWE121_Stack_Based_Buffer_Overflow__CWE805_char_alloca_snprintf_17.c,CWE-121,CWE805_char_alloca_snprintf,17,Y,Juliet C C++ 100 Selected Cases/CWE121_Stack_Based_Buffer_Overflow/CWE121_Stack_Based_Buffer_Overflow__CWE805_char_alloca_snprintf_17.c
7,CWE121_Stack_Based_Buffer_Overflow__CWE805_int_alloca_memmove_07.c,CWE-121,CWE805_int_alloca_memmove,7,Y,Juliet C C++ 100 Selected Cases/CWE121_Stack_Based_Buffer_Overflow/CWE121_Stack_Based_Buffer_Overflow__CWE805_int_alloca_memmove_07.c
8,CWE121_Stack_Based_Buffer_Overflow__CWE805_int_alloca_memmove_18.c,CWE-121,CWE805_int_alloca_memmove,18,Y,Juliet C C++ 100 Selected Cases/CWE121_Stack_Based_Buffer_Overflow/CWE121_Stack_Based_Buffer_Overflow__CWE805_int_alloca_memmove_18.c
9,CWE121_Stack_Based_Buffer_Overflow__CWE805_wchar_t_declare_snprintf_32.c,CWE-121,CWE805_wchar_t_declare_snprintf,32,Y,Juliet C C++ 100 Selected Cases/CWE121_Stack_Based_Buffer_Overflow/CWE121_Stack_Based_Buffer_Overflow__CWE805_wchar_t_declare_snprintf_32.c
10,CWE121_Stack_Based_Buffer_Overflow__dest_wchar_t_alloca_cpy_15.c,CWE-121,dest_wchar_t_alloca_cpy,15,Y,Juliet C C++ 100 Selected Cases/CWE121_Stack_Based_Buffer_Overflow/CWE121_Stack_Based_Buffer_Overflow__dest_wchar_t_alloca_cpy_15.c
11,CWE122_Heap_Based_Buffer_Overflow__c_CWE805_int64_t_memmove_44.c,CWE-122,c_CWE805_int64_t_memmove,44,Y,Juliet C C++ 100 Selected Cases/CWE122_Heap_Based_Buffer_Overflow/CWE122_Heap_Based_Buffer_Overflow__c_CWE805_int64_t_memmove_44.c
12,CWE122_Heap_Based_Buffer_Overflow__c_CWE805_struct_loop_02.c,CWE-122,c_CWE805_struct_loop,2,Y,Juliet C C++ 100 Selected Cases/CWE122_Heap_Based_Buffer_Overflow/CWE122_Heap_Based_Buffer_Overflow__c_CWE805_struct_loop_02.c
13,CWE122_Heap_Based_Buffer_Overflow__c_CWE805_struct_loop_05.c,CWE-122,c_CWE805_struct_loop,5,Y,Juliet C C++ 100 Selected Cases/CWE122_Heap_Based_Buffer_Overflow/CWE122_Heap_Based_Buffer_Overflow__c_CWE805_struct_loop_05.c
14,CWE122_Heap_Based_Buffer_Overflow__c_src_char_cat_13.c,CWE-122,c_src_char_cat,13,Y,Juliet C C++ 100 Selected Cases/CWE122_Heap_Based_Buffer_Overflow/CWE122_Heap_Based_Buffer_Overflow__c_src_char_cat_13.c
15,CWE122_Heap_Based_Buffer_Overflow__cpp_CWE129_fgets_12.cpp,CWE-122,cpp_CWE129_fgets,12,Y,Juliet C C++ 100 Selected Cases/CWE122_Heap_Based_Buffer_Overflow/CWE122_Heap_Based_Buffer_Overflow__cpp_CWE129_fgets_12.cpp
16,CWE122_Heap_Based_Buffer_Overflow__cpp_CWE805_int64_t_memmove_07.cpp,CWE-122,cpp_CWE805_int64_t_memmove,7,Y,Juliet C C++ 100 Selected Cases/CWE122_Heap_Based_Buffer_Overflow/CWE122_Heap_Based_Buffer_Overflow__cpp_CWE805_int64_t_memmove_07.cpp
17,CWE122_Heap_Based_Buffer_Overflow__cpp_CWE806_char_loop_09.cpp,CWE-122,cpp_CWE806_char_loop,9,Y,Juliet C C++ 100 Selected Cases/CWE122_Heap_Based_Buffer_Overflow/CWE122_Heap_Based_Buffer_Overflow__cpp_CWE806_char_loop_09.cpp
18,CWE122_Heap_Based_Buffer_Overflow__cpp_dest_wchar_t_cpy_07.cpp,CWE-122,cpp_dest_wchar_t_cpy,7,Y,Juliet C C++ 100 Selected Cases/CWE122_Heap_Based_Buffer_Overflow/CWE122_Heap_Based_Buffer_Overflow__cpp_dest_wchar_t_cpy_07.cpp
19,CWE190_Integer_Overflow__char_fscanf_add_06.c,CWE-190,char_fscanf_add,6,Y,Juliet C C++ 100 Selected Cases/CWE190_Integer_Overflow/CWE190_Integer_Overflow__char_fscanf_add_06.c
20,CWE190_Integer_Overflow__char_fscanf_add_44.c,CWE-190,char_fscanf_add,44,Y,Juliet C C++ 100 Selected Cases/CWE190_Integer_Overflow/CWE190_Integer_Overflow__char_fscanf_add_44.c
21,CWE190_Integer_Overflow__char_fscanf_postinc_11.c,CWE-190,char_fscanf_postinc,11,Y,Juliet C C++ 100 Selected Cases/CWE190_Integer_Overflow/CWE190_Integer_Overflow__char_fscanf_postinc_11.c
22,CWE190_Integer_Overflow__char_fscanf_postinc_61b.c,CWE-190,char_fscanf_postinc,61,Y,Juliet C C++ 100 Selected Cases/CWE190_Integer_Overflow/CWE190_Integer_Overflow__char_fscanf_postinc_61b.c
23,CWE190_Integer_Overflow__char_fscanf_preinc_07.c,CWE-190,char_fscanf_preinc,7,Y,Juliet C C++ 100 Selected Cases/CWE190_Integer_Overflow/CWE190_Integer_Overflow__char_fscanf_preinc_07.c
24,CWE190_Integer_Overflow__int_connect_socket_multiply_41.c,CWE-190,int_connect_socket_multiply,41,Y,Juliet C C++ 100 Selected Cases/CWE190_Integer_Overflow/CWE190_Integer_Overflow__int_connect_socket_multiply_41.c
25,CWE190_Integer_Overflow__int_connect_socket_square_14.c,CWE-190,int_connect_socket_square,14,Y,Juliet C C++ 100 Selected Cases/CWE190_Integer_Overflow/CWE190_Integer_Overflow__int_connect_socket_square_14.c
26,CWE190_Integer_Overflow__int_fgets_multiply_04.c,CWE-190,int_fgets_multiply,4,Y,Juliet C C++ 100 Selected Cases/CWE190_Integer_Overflow/CWE190_Integer_Overflow__int_fgets_multiply_04.c
27,CWE190_Integer_Overflow__int_rand_add_07.c,CWE-190,int_rand_add,7,Y,Juliet C C++ 100 Selected Cases/CWE190_Integer_Overflow/CWE190_Integer_Overflow__int_rand_add_07.c
28,CWE190_Integer_Overflow__int_rand_multiply_41.c,CWE-190,int_rand_multiply,41,Y,Juliet C C++ 100 Selected Cases/CWE190_Integer_Overflow/CWE190_Integer_Overflow__int_rand_multiply_41.c
29,CWE367_TOC_TOU__access_02.c,CWE-367,access,2,N,Juliet C C++ 100 Selected Cases/CWE367_TOC_TOU/CWE367_TOC_TOU__access_02.c
30,CWE367_TOC_TOU__access_03.c,CWE-367,access,3,N,Juliet C C++ 100 Selected Cases/CWE367_TOC_TOU/CWE367_TOC_TOU__access_03.c
31,CWE367_TOC_TOU__access_04.c,CWE-367,access,4,N,Juliet C C++ 100 Selected Cases/CWE367_TOC_TOU/CWE367_TOC_TOU__access_04.c
32,CWE367_TOC_TOU__access_06.c,CWE-367,access,6,N,Juliet C C++ 100 Selected Cases/CWE367_TOC_TOU/CWE367_TOC_TOU__access_06.c
33,CWE367_TOC_TOU__access_11.c,CWE-367,access,11,N,Juliet C C++ 100 Selected Cases/CWE367_TOC_TOU/CWE367_TOC_TOU__access_11.c
34,CWE367_TOC_TOU__access_18.c,CWE-367,access,18,N,Juliet C C++ 100 Selected Cases/CWE367_TOC_TOU/CWE367_TOC_TOU__access_18.c
35,CWE367_TOC_TOU__stat_01.c,CWE-367,stat,1,N,Juliet C C++ 100 Selected Cases/CWE367_TOC_TOU/CWE367_TOC_TOU__stat_01.c
36,CWE367_TOC_TOU__stat_02.c,CWE-367,stat,2,N,Juliet C C++ 100 Selected Cases/CWE367_TOC_TOU/CWE367_TOC_TOU__stat_02.c
37,CWE367_TOC_TOU__stat_04.c,CWE-367,stat,4,N,Juliet C C++ 100 Selected Cases/CWE367_TOC_TOU/CWE367_TOC_TOU__stat_04.c
38,CWE367_TOC_TOU__stat_05.c,CWE-367,stat,5,N,Juliet C C++ 100 Selected Cases/CWE367_TOC_TOU/CWE367_TOC_TOU__stat_05.c
39,CWE367_TOC_TOU__stat_07.c,CWE-367,stat,7,N,Juliet C C++ 100 Selected Cases/CWE367_TOC_TOU/CWE367_TOC_TOU__stat_07.c
40,CWE367_TOC_TOU__stat_11.c,CWE-367,stat,11,N,Juliet C C++ 100 Selected Cases/CWE367_TOC_TOU/CWE367_TOC_TOU__stat_11.c
41,CWE367_TOC_TOU__stat_12.c,CWE-367,stat,12,N,Juliet C C++ 100 Selected Cases/CWE367_TOC_TOU/CWE367_TOC_TOU__stat_12.c
42,CWE367_TOC_TOU__stat_13.c,CWE-367,stat,13,N,Juliet C C++ 100 Selected Cases/CWE367_TOC_TOU/CWE367_TOC_TOU__stat_13.c
43,CWE367_TOC_TOU__stat_15.c,CWE-367,stat,15,N,Juliet C C++ 100 Selected Cases/CWE367_TOC_TOU/CWE367_TOC_TOU__stat_15.c
44,CWE367_TOC_TOU__stat_18.c,CWE-367,stat,18,N,Juliet C C++ 100 Selected Cases/CWE367_TOC_TOU/CWE367_TOC_TOU__stat_18.c
45,CWE36_Absolute_Path_Traversal__char_connect_socket_fopen_05.cpp,CWE-36,char_connect_socket_fopen,5,N,Juliet C C++ 100 Selected Cases/CWE36_Absolute_Path_Traversal/CWE36_Absolute_Path_Traversal__char_connect_socket_fopen_05.cpp
46,CWE36_Absolute_Path_Traversal__char_connect_socket_ofstream_13.cpp,CWE-36,char_connect_socket_ofstream,13,N,Juliet C C++ 100 Selected Cases/CWE36_Absolute_Path_Traversal/CWE36_Absolute_Path_Traversal__char_connect_socket_ofstream_13.cpp
47,CWE36_Absolute_Path_Traversal__char_connect_socket_ofstream_15.cpp,CWE-36,char_connect_socket_ofstream,15,N,Juliet C C++ 100 Selected Cases/CWE36_Absolute_Path_Traversal/CWE36_Absolute_Path_Traversal__char_connect_socket_ofstream_15.cpp
48,CWE36_Absolute_Path_Traversal__char_environment_ofstream_05.cpp,CWE-36,char_environment_ofstream,5,N,Juliet C C++ 100 Selected Cases/CWE36_Absolute_Path_Traversal/CWE36_Absolute_Path_Traversal__char_environment_ofstream_05.cpp
49,CWE36_Absolute_Path_Traversal__char_listen_socket_fopen_34.cpp,CWE-36,char_listen_socket_fopen,34,N,Juliet C C++ 100 Selected Cases/CWE36_Absolute_Path_Traversal/CWE36_Absolute_Path_Traversal__char_listen_socket_fopen_34.cpp
50,CWE36_Absolute_Path_Traversal__wchar_t_connect_socket_ifstream_16.cpp,CWE-36,wchar_t_connect_socket_ifstream,16,N,Juliet C C++ 100 Selected Cases/CWE36_Absolute_Path_Traversal/CWE36_Absolute_Path_Traversal__wchar_t_connect_socket_ifstream_16.cpp
51,CWE36_Absolute_Path_Traversal__wchar_t_environment_ifstream_11.cpp,CWE-36,wchar_t_environment_ifstream,11,N,Juliet C C++ 100 Selected Cases/CWE36_Absolute_Path_Traversal/CWE36_Absolute_Path_Traversal__wchar_t_environment_ifstream_11.cpp
52,CWE36_Absolute_Path_Traversal__wchar_t_environment_ifstream_33.cpp,CWE-36,wchar_t_environment_ifstream,33,N,Juliet C C++ 100 Selected Cases/CWE36_Absolute_Path_Traversal/CWE36_Absolute_Path_Traversal__wchar_t_environment_ifstream_33.cpp
53,CWE36_Absolute_Path_Traversal__wchar_t_listen_socket_open_13.cpp,CWE-36,wchar_t_listen_socket_open,13,N,Juliet C C++ 100 Selected Cases/CWE36_Absolute_Path_Traversal/CWE36_Absolute_Path_Traversal__wchar_t_listen_socket_open_13.cpp
54,CWE36_Absolute_Path_Traversal__wchar_t_listen_socket_w32CreateFile_42.cpp,CWE-36,wchar_t_listen_socket_w32CreateFile,42,N,Juliet C C++ 100 Selected Cases/CWE36_Absolute_Path_Traversal/CWE36_Absolute_Path_Traversal__wchar_t_listen_socket_w32CreateFile_42.cpp
55,CWE415_Double_Free__malloc_free_char_21.c,CWE-415,malloc_free_char,21,Y,Juliet C C++ 100 Selected Cases/CWE415_Double_Free/CWE415_Double_Free__malloc_free_char_21.c
56,CWE415_Double_Free__malloc_free_int_06.c,CWE-415,malloc_free_int,6,Y,Juliet C C++ 100 Selected Cases/CWE415_Double_Free/CWE415_Double_Free__malloc_free_int_06.c
57,CWE415_Double_Free__malloc_free_int_42.c,CWE-415,malloc_free_int,42,Y,Juliet C C++ 100 Selected Cases/CWE415_Double_Free/CWE415_Double_Free__malloc_free_int_42.c
58,CWE415_Double_Free__malloc_free_wchar_t_10.c,CWE-415,malloc_free_wchar_t,10,Y,Juliet C C++ 100 Selected Cases/CWE415_Double_Free/CWE415_Double_Free__malloc_free_wchar_t_10.c
59,CWE415_Double_Free__new_delete_array_int_04.cpp,CWE-415,new_delete_array_int,4,Y,Juliet C C++ 100 Selected Cases/CWE415_Double_Free/CWE415_Double_Free__new_delete_array_int_04.cpp
60,CWE415_Double_Free__new_delete_array_struct_14.cpp,CWE-415,new_delete_array_struct,14,Y,Juliet C C++ 100 Selected Cases/CWE415_Double_Free/CWE415_Double_Free__new_delete_array_struct_14.cpp
61,CWE415_Double_Free__new_delete_array_struct_17.cpp,CWE-415,new_delete_array_struct,17,Y,Juliet C C++ 100 Selected Cases/CWE415_Double_Free/CWE415_Double_Free__new_delete_array_struct_17.cpp
62,CWE415_Double_Free__new_delete_array_struct_43.cpp,CWE-415,new_delete_array_struct,43,Y,Juliet C C++ 100 Selected Cases/CWE415_Double_Free/CWE415_Double_Free__new_delete_array_struct_43.cpp
63,CWE415_Double_Free__new_delete_class_05.cpp,CWE-415,new_delete_class,5,Y,Juliet C C++ 100 Selected Cases/CWE415_Double_Free/CWE415_Double_Free__new_delete_class_05.cpp
64,CWE415_Double_Free__new_delete_struct_17.cpp,CWE-415,new_delete_struct,17,Y,Juliet C C++ 100 Selected Cases/CWE415_Double_Free/CWE415_Double_Free__new_delete_struct_17.cpp
65,CWE416_Use_After_Free__malloc_free_struct_04.c,CWE-416,malloc_free_struct,4,Y,Juliet C C++ 100 Selected Cases/CWE416_Use_After_Free/CWE416_Use_After_Free__malloc_free_struct_04.c
66,CWE416_Use_After_Free__new_delete_array_char_01.cpp,CWE-416,new_delete_array_char,1,Y,Juliet C C++ 100 Selected Cases/CWE416_Use_After_Free/CWE416_Use_After_Free__new_delete_array_char_01.cpp
67,CWE416_Use_After_Free__new_delete_array_int64_t_06.cpp,CWE-416,new_delete_array_int64_t,6,Y,Juliet C C++ 100 Selected Cases/CWE416_Use_After_Free/CWE416_Use_After_Free__new_delete_array_int64_t_06.cpp
68,CWE416_Use_After_Free__new_delete_array_int64_t_12.cpp,CWE-416,new_delete_array_int64_t,12,Y,Juliet C C++ 100 Selected Cases/CWE416_Use_After_Free/CWE416_Use_After_Free__new_delete_array_int64_t_12.cpp
69,CWE416_Use_After_Free__new_delete_array_int64_t_13.cpp,CWE-416,new_delete_array_int64_t,13,Y,Juliet C C++ 100 Selected Cases/CWE416_Use_After_Free/CWE416_Use_After_Free__new_delete_array_int64_t_13.cpp
70,CWE416_Use_After_Free__new_delete_array_int_05.cpp,CWE-416,new_delete_array_int,5,Y,Juliet C C++ 100 Selected Cases/CWE416_Use_After_Free/CWE416_Use_After_Free__new_delete_array_int_05.cpp
71,CWE416_Use_After_Free__new_delete_array_int_06.cpp,CWE-416,new_delete_array_int,6,Y,Juliet C C++ 100 Selected Cases/CWE416_Use_After_Free/CWE416_Use_After_Free__new_delete_array_int_06.cpp
72,CWE416_Use_After_Free__new_delete_array_long_14.cpp,CWE-416,new_delete_array_long,14,Y,Juliet C C++ 100 Selected Cases/CWE416_Use_After_Free/CWE416_Use_After_Free__new_delete_array_long_14.cpp
73,CWE416_Use_After_Free__new_delete_array_wchar_t_16.cpp,CWE-416,new_delete_array_wchar_t,16,Y,Juliet C C++ 100 Selected Cases/CWE416_Use_After_Free/CWE416_Use_After_Free__new_delete_array_wchar_t_16.cpp
74,CWE416_Use_After_Free__new_delete_class_14.cpp,CWE-416,new_delete_class,14,Y,Juliet C C++ 100 Selected Cases/CWE416_Use_After_Free/CWE416_Use_After_Free__new_delete_class_14.cpp
75,CWE416_Use_After_Free__new_delete_int64_t_06.cpp,CWE-416,new_delete_int64_t,6,Y,Juliet C C++ 100 Selected Cases/CWE416_Use_After_Free/CWE416_Use_After_Free__new_delete_int64_t_06.cpp
76,CWE416_Use_After_Free__new_delete_int_01.cpp,CWE-416,new_delete_int,1,Y,Juliet C C++ 100 Selected Cases/CWE416_Use_After_Free/CWE416_Use_After_Free__new_delete_int_01.cpp
77,CWE416_Use_After_Free__new_delete_int_18.cpp,CWE-416,new_delete_int,18,Y,Juliet C C++ 100 Selected Cases/CWE416_Use_After_Free/CWE416_Use_After_Free__new_delete_int_18.cpp
78,CWE416_Use_After_Free__new_delete_struct_15.cpp,CWE-416,new_delete_struct,15,Y,Juliet C C++ 100 Selected Cases/CWE416_Use_After_Free/CWE416_Use_After_Free__new_delete_struct_15.cpp
79,CWE510_Trapdoor__hostname_based_logic_01.c,CWE-510,hostname_based_logic,1,N,Juliet C C++ 100 Selected Cases/CWE510_Trapdoor/CWE510_Trapdoor__hostname_based_logic_01.c
80,CWE510_Trapdoor__hostname_based_logic_06.c,CWE-510,hostname_based_logic,6,N,Juliet C C++ 100 Selected Cases/CWE510_Trapdoor/CWE510_Trapdoor__hostname_based_logic_06.c
81,CWE510_Trapdoor__ip_based_logic_10.c,CWE-510,ip_based_logic,10,N,Juliet C C++ 100 Selected Cases/CWE510_Trapdoor/CWE510_Trapdoor__ip_based_logic_10.c
82,CWE510_Trapdoor__ip_based_logic_15.c,CWE-510,ip_based_logic,15,N,Juliet C C++ 100 Selected Cases/CWE510_Trapdoor/CWE510_Trapdoor__ip_based_logic_15.c
83,CWE510_Trapdoor__ip_based_logic_17.c,CWE-510,ip_based_logic,17,N,Juliet C C++ 100 Selected Cases/CWE510_Trapdoor/CWE510_Trapdoor__ip_based_logic_17.c
84,CWE510_Trapdoor__network_connection_14.c,CWE-510,network_connection,14,N,Juliet C C++ 100 Selected Cases/CWE510_Trapdoor/CWE510_Trapdoor__network_connection_14.c
85,CWE510_Trapdoor__network_connection_17.c,CWE-510,network_connection,17,N,Juliet C C++ 100 Selected Cases/CWE510_Trapdoor/CWE510_Trapdoor__network_connection_17.c
86,CWE510_Trapdoor__network_listen_07.c,CWE-510,network_listen,7,N,Juliet C C++ 100 Selected Cases/CWE510_Trapdoor/CWE510_Trapdoor__network_listen_07.c
87,CWE510_Trapdoor__network_listen_15.c,CWE-510,network_listen,15,N,Juliet C C++ 100 Selected Cases/CWE510_Trapdoor/CWE510_Trapdoor__network_listen_15.c
88,CWE510_Trapdoor__network_listen_17.c,CWE-510,network_listen,17,N,Juliet C C++ 100 Selected Cases/CWE510_Trapdoor/CWE510_Trapdoor__network_listen_17.c
89,CWE78_OS_Command_Injection__char_connect_socket_system_04.c,CWE-78,char_connect_socket_system,4,N,Juliet C C++ 100 Selected Cases/CWE78_OS_Command_Injection/CWE78_OS_Command_Injection__char_connect_socket_system_04.c
90,CWE78_OS_Command_Injection__char_environment_execlp_03.c,CWE-78,char_environment_execlp,3,N,Juliet C C++ 100 Selected Cases/CWE78_OS_Command_Injection/CWE78_OS_Command_Injection__char_environment_execlp_03.c
91,CWE78_OS_Command_Injection__char_environment_execlp_06.c,CWE-78,char_environment_execlp,6,N,Juliet C C++ 100 Selected Cases/CWE78_OS_Command_Injection/CWE78_OS_Command_Injection__char_environment_execlp_06.c
92,CWE78_OS_Command_Injection__char_environment_popen_02.c,CWE-78,char_environment_popen,2,N,Juliet C C++ 100 Selected Cases/CWE78_OS_Command_Injection/CWE78_OS_Command_Injection__char_environment_popen_02.c
93,CWE78_OS_Command_Injection__char_file_execlp_06.c,CWE-78,char_file_execlp,6,N,Juliet C C++ 100 Selected Cases/CWE78_OS_Command_Injection/CWE78_OS_Command_Injection__char_file_execlp_06.c
94,CWE78_OS_Command_Injection__char_listen_socket_execl_06.c,CWE-78,char_listen_socket_execl,6,N,Juliet C C++ 100 Selected Cases/CWE78_OS_Command_Injection/CWE78_OS_Command_Injection__char_listen_socket_execl_06.c
95,CWE78_OS_Command_Injection__char_listen_socket_system_33.cpp,CWE-78,char_listen_socket_system,33,N,Juliet C C++ 100 Selected Cases/CWE78_OS_Command_Injection/CWE78_OS_Command_Injection__char_listen_socket_system_33.cpp
96,CWE78_OS_Command_Injection__wchar_t_connect_socket_execl_54a.c,CWE-78,wchar_t_connect_socket_execl,54,N,Juliet C C++ 100 Selected Cases/CWE78_OS_Command_Injection/CWE78_OS_Command_Injection__wchar_t_connect_socket_execl_54a.c
97,CWE78_OS_Command_Injection__wchar_t_connect_socket_system_17.c,CWE-78,wchar_t_connect_socket_system,17,N,Juliet C C++ 100 Selected Cases/CWE78_OS_Command_Injection/CWE78_OS_Command_Injection__wchar_t_connect_socket_system_17.c
98,CWE78_OS_Command_Injection__wchar_t_console_system_02.c,CWE-78,wchar_t_console_system,2,N,Juliet C C++ 100 Selected Cases/CWE78_OS_Command_Injection/CWE78_OS_Command_Injection__wchar_t_console_system_02.c
99,CWE78_OS_Command_Injection__wchar_t_environment_popen_04.c,CWE-78,wchar_t_environment_popen,4,N,Juliet C C++ 100 Selected Cases/CWE78_OS_Command_Injection/CWE78_OS_Command_Injection__wchar_t_environment_popen_04.c
100,CWE78_OS_Command_Injection__wchar_t_listen_socket_execlp_34.c,CWE-78,wchar_t_listen_socket_execlp,34,N,Juliet C C++ 100 Selected Cases/CWE78_OS_Command_Injection/CWE78_OS_Command_Injection__wchar_t_listen_socket_execlp_34.c
